-- phpMyAdmin SQL Dump
-- version 3.5.3
-- http://www.phpmyadmin.net
--
-- 主机: 127.0.0.1
-- 生成日期: 2013 年 07 月 30 日 08:05
-- 服务器版本: 5.5.27
-- PHP 版本: 5.3.2

SET SQL_MODE="NO_AUTO_VALUE_ON_ZERO";
SET time_zone = "+00:00";


/*!40101 SET @OLD_CHARACTER_SET_CLIENT=@@CHARACTER_SET_CLIENT */;
/*!40101 SET @OLD_CHARACTER_SET_RESULTS=@@CHARACTER_SET_RESULTS */;
/*!40101 SET @OLD_COLLATION_CONNECTION=@@COLLATION_CONNECTION */;
/*!40101 SET NAMES utf8 */;

--
-- 数据库: `camel5.0`
--
--
-- 新增数据表：producttype_damping_standard、producttype_tdrelelength_standard、producttype_timedomainimpedance_standard，保存三个测试项的客户化数据
--
-- --------------------------------------------------------

--
-- 表的结构 `ci_sessions`
--

CREATE TABLE IF NOT EXISTS `ci_sessions` (
  `session_id` varchar(40) NOT NULL DEFAULT '0',
  `ip_address` varchar(16) NOT NULL DEFAULT '0',
  `user_agent` varchar(120) NOT NULL,
  `last_activity` int(10) unsigned NOT NULL DEFAULT '0',
  `user_data` text NOT NULL,
  PRIMARY KEY (`session_id`)
) ENGINE=InnoDB DEFAULT CHARSET=utf8 AVG_ROW_LENGTH=168;

--
-- 转存表中的数据 `ci_sessions`
--

INSERT INTO `ci_sessions` (`session_id`, `ip_address`, `user_agent`, `last_activity`, `user_data`) VALUES
('a0b661e72561dcb2e5af016cd849a9f3', '127.0.0.1', 'Mozilla/5.0 (compatible; MSIE 10.0; Windows NT 6.2; WOW64; Trident/6.0)', 1375171478, 'a:6:{s:9:"user_data";s:0:"";s:8:"username";s:6:"user01";s:6:"userId";s:1:"1";s:8:"fullname";s:6:"张三";s:4:"team";s:9:"管理员";s:5:"today";s:17:"2013年07月30日";}');

-- --------------------------------------------------------

--
-- 表的结构 `department`
--

CREATE TABLE IF NOT EXISTS `department` (
  `id` int(11) NOT NULL AUTO_INCREMENT,
  `name` varchar(255) NOT NULL COMMENT '部门名称',
  `factory` int(11) NOT NULL COMMENT '所属工厂',
  `status` int(11) NOT NULL COMMENT '状态',
  PRIMARY KEY (`id`)
) ENGINE=InnoDB  DEFAULT CHARSET=utf8 COMMENT='部门' AUTO_INCREMENT=5 ;

--
-- 转存表中的数据 `department`
--

INSERT INTO `department` (`id`, `name`, `factory`, `status`) VALUES
(1, 'cheJian3', 1, 1),
(2, 'chejian2', 2, 1),
(3, 'chejian4', 2, 1),
(4, 'chejian1', 2, 1);

-- --------------------------------------------------------

--
-- 表的结构 `equipment`
--

CREATE TABLE IF NOT EXISTS `equipment` (
  `id` int(11) NOT NULL AUTO_INCREMENT,
  `partnumber` varchar(255) DEFAULT NULL COMMENT '型号',
  `sn` varchar(255) DEFAULT NULL COMMENT '序列号',
  `status` int(11) DEFAULT NULL COMMENT '状态',
  PRIMARY KEY (`id`)
) ENGINE=InnoDB  DEFAULT CHARSET=utf8 COMMENT='测试设备' AUTO_INCREMENT=2 ;

--
-- 转存表中的数据 `equipment`
--

INSERT INTO `equipment` (`id`, `partnumber`, `sn`, `status`) VALUES
(1, 'E5062A', 'MY42100275', 1);

-- --------------------------------------------------------

--
-- 表的结构 `factory`
--

CREATE TABLE IF NOT EXISTS `factory` (
  `id` int(11) NOT NULL AUTO_INCREMENT,
  `name` varchar(255) NOT NULL COMMENT '工厂名称',
  `status` int(11) NOT NULL COMMENT '状态',
  PRIMARY KEY (`id`)
) ENGINE=InnoDB  DEFAULT CHARSET=utf8 COMMENT='工厂' AUTO_INCREMENT=5 ;

--
-- 转存表中的数据 `factory`
--

INSERT INTO `factory` (`id`, `name`, `status`) VALUES
(1, 'factory2', 1),
(2, 'factory1', 1),
(3, 'factory3', 1),
(4, 'factory4', 1);

-- --------------------------------------------------------

--
-- 表的结构 `packingresult`
--

CREATE TABLE IF NOT EXISTS `packingresult` (
  `id` int(11) NOT NULL AUTO_INCREMENT,
  `packingtime` datetime NOT NULL COMMENT '装箱时间',
  `boxsn` varchar(255) NOT NULL COMMENT '箱号',
  `productsn` varchar(255) NOT NULL COMMENT '产品序列号',
  `ordernum` varchar(255) NOT NULL COMMENT '订单号',
  `packer` varchar(255) NOT NULL COMMENT '包装员',
  `result` varchar(255) NOT NULL COMMENT '复检结果',
  `tag` int(11) NOT NULL COMMENT '标志位',
  PRIMARY KEY (`id`)
) ENGINE=InnoDB  DEFAULT CHARSET=utf8 COMMENT='装箱结果' AUTO_INCREMENT=4 ;

--
-- 转存表中的数据 `packingresult`
--

INSERT INTO `packingresult` (`id`, `packingtime`, `boxsn`, `productsn`, `ordernum`, `packer`, `result`, `tag`) VALUES
(1, '2013-05-24 11:09:14', '', '10413002920130104005A01652013010', '123456', '001', 'FAIL', 0),
(2, '2013-05-24 11:09:47', '', '590413002920130104005A0248', '123456', '001', 'UNTESTED', 0),
(3, '2013-05-24 11:10:03', '', '19029120 67890', '123456', '001', 'FAIL', 3);

-- --------------------------------------------------------

--
-- 表的结构 `permission`
--

CREATE TABLE IF NOT EXISTS `permission` (
  `id` int(11) NOT NULL AUTO_INCREMENT,
  `name` varchar(50) NOT NULL COMMENT '权限名',
  `controller` varchar(100) NOT NULL COMMENT '控制器名',
  `function` varchar(100) DEFAULT NULL COMMENT '方法名',
  PRIMARY KEY (`id`)
) ENGINE=InnoDB  DEFAULT CHARSET=utf8 COMMENT='权限表' AUTO_INCREMENT=4 ;

--
-- 转存表中的数据 `permission`
--

INSERT INTO `permission` (`id`, `name`, `controller`, `function`) VALUES
(1, 'VNA测试记录', 'vna_pim', 'vna'),
(2, 'PIM测试记录', 'vna_pim', 'pim'),
(3, '包装记录', 'packing', 'index');

-- --------------------------------------------------------

--
-- 表的结构 `pim_label`
--

CREATE TABLE IF NOT EXISTS `pim_label` (
  `id` int(11) NOT NULL AUTO_INCREMENT,
  `name` varchar(255) NOT NULL,
  PRIMARY KEY (`id`)
) ENGINE=InnoDB DEFAULT CHARSET=utf8 AUTO_INCREMENT=1 ;

-- --------------------------------------------------------

--
-- 表的结构 `pim_ser_num`
--

CREATE TABLE IF NOT EXISTS `pim_ser_num` (
  `id` int(11) NOT NULL AUTO_INCREMENT,
  `test_time` datetime NOT NULL,
  `model` varchar(255) NOT NULL,
  `ser_num` varchar(255) NOT NULL,
  `work_num` varchar(255) NOT NULL,
  `pim_label` int(11) NOT NULL,
  `col1` varchar(255) NOT NULL,
  `col2` varchar(255) NOT NULL,
  `col3` varchar(255) NOT NULL,
  `col4` varchar(255) NOT NULL,
  `col5` varchar(255) NOT NULL,
  `col6` varchar(255) NOT NULL,
  `col7` varchar(255) NOT NULL,
  `col8` varchar(255) NOT NULL,
  `col9` varchar(255) NOT NULL,
  `col10` varchar(255) NOT NULL,
  `col11` varchar(255) NOT NULL,
  `col12` varchar(255) NOT NULL,
  `col13` varchar(255) NOT NULL,
  PRIMARY KEY (`id`)
) ENGINE=InnoDB DEFAULT CHARSET=utf8 AUTO_INCREMENT=1 ;

-- --------------------------------------------------------

--
-- 表的结构 `pim_ser_num_group`
--

CREATE TABLE IF NOT EXISTS `pim_ser_num_group` (
  `id` int(11) NOT NULL AUTO_INCREMENT,
  `pim_ser_num` int(11) NOT NULL,
  `test_time` datetime NOT NULL,
  `upload_date` date NOT NULL,
  PRIMARY KEY (`id`)
) ENGINE=InnoDB DEFAULT CHARSET=utf8 AUTO_INCREMENT=1 ;

-- --------------------------------------------------------

--
-- 表的结构 `pim_ser_num_group_data`
--

CREATE TABLE IF NOT EXISTS `pim_ser_num_group_data` (
  `id` int(11) NOT NULL AUTO_INCREMENT,
  `pim_ser_num_group` int(11) NOT NULL,
  `frequency` varchar(255) NOT NULL,
  `value` float NOT NULL,
  PRIMARY KEY (`id`)
) ENGINE=InnoDB DEFAULT CHARSET=utf8 AUTO_INCREMENT=1 ;

-- --------------------------------------------------------

--
-- 表的结构 `process`
--

CREATE TABLE IF NOT EXISTS `process` (
  `id` int(11) NOT NULL AUTO_INCREMENT,
  `name` varchar(20) DEFAULT NULL,
  PRIMARY KEY (`id`)
) ENGINE=InnoDB  DEFAULT CHARSET=utf8 AUTO_INCREMENT=4 ;

--
-- 转存表中的数据 `process`
--

INSERT INTO `process` (`id`, `name`) VALUES
(1, '成品'),
(2, '半成品'),
(3, '跳线');

-- --------------------------------------------------------

--
-- 表的结构 `producttestinfo`
--

CREATE TABLE IF NOT EXISTS `producttestinfo` (
  `id` int(11) NOT NULL AUTO_INCREMENT,
  `sn` varchar(255) NOT NULL COMMENT '序列号',
  `equipmentSn` varchar(255) NOT NULL COMMENT '测试设备序列号',
  `testTime` datetime NOT NULL COMMENT '测试时间',
  `testStation` int(11) NOT NULL COMMENT '测试站',
  `tester` int(11) NOT NULL COMMENT '测试员',
  `productType` int(11) NOT NULL COMMENT '产品类型',
  `result` tinyint(1) NOT NULL COMMENT '测试结果',
  `temp` varchar(10) DEFAULT NULL COMMENT '温度',
  `platenum` varchar(255) DEFAULT NULL COMMENT '盘号',
  `lathe` varchar(255) DEFAULT NULL COMMENT '车台',
  `innermeter` varchar(10) DEFAULT NULL COMMENT '内端计米',
  `outmeter` varchar(10) DEFAULT NULL COMMENT '外端计米',
  `workorder` varchar(100) DEFAULT NULL COMMENT '工单号',
  `tag` varchar(10) DEFAULT NULL COMMENT '上传次数',
  `tag1` varchar(10) DEFAULT NULL COMMENT '当前状态',
  `facadeorother` varchar(255) DEFAULT NULL COMMENT '外观及其他',
  `client` varchar(255) DEFAULT NULL COMMENT '客户',
  `qualityengineersuggestion` varchar(255) DEFAULT NULL COMMENT '质量工程师意见',
  `responsibledepartment` varchar(255) DEFAULT NULL COMMENT '责任部门',
  `qualitymanagerreview` varchar(255) DEFAULT NULL COMMENT '质量经理审核',
  `headengineerreview` varchar(255) DEFAULT NULL COMMENT '总工审核',
  `column1` varchar(255) DEFAULT NULL COMMENT '自定义项1',
  `column2` varchar(255) DEFAULT NULL COMMENT '自定义项2',
  PRIMARY KEY (`id`)
) ENGINE=InnoDB  DEFAULT CHARSET=utf8 COMMENT='产品测试信息' AUTO_INCREMENT=30 ;

--
-- 转存表中的数据 `producttestinfo`
--

INSERT INTO `producttestinfo` (`id`, `sn`, `equipmentSn`, `testTime`, `testStation`, `tester`, `productType`, `result`, `temp`, `platenum`, `lathe`, `innermeter`, `outmeter`, `workorder`, `tag`, `tag1`, `facadeorother`, `client`, `qualityengineersuggestion`, `responsibledepartment`, `qualitymanagerreview`, `headengineerreview`, `column1`, `column2`) VALUES
(1, 'garytest01', 'MY42100275', '2013-07-14 20:06:23', 2, 5, 2, 1, '20', '111', 'sdcsd', '8', '128', 'qwqqw\r\n', '1', '1', NULL, NULL, NULL, NULL, NULL, NULL, NULL, NULL),
(2, 'garytest02', 'MY42100275', '2013-07-14 20:12:50', 3, 5, 3, 1, '21', '32112', 'sdcsd', '5', '387', 'QWQW\r\n', '1', '1', NULL, NULL, NULL, NULL, NULL, NULL, NULL, NULL),
(3, 'garytest03', 'MY42100275', '2013-07-14 20:15:15', 2, 5, 2, 0, '23', '232323', 'sdcsd', '3', '432', 'QQQ\r\n', '1', '1', '', '', '', '', '', '', NULL, NULL),
(4, 'garytest04', 'MY42100275', '2013-07-14 20:21:21', 3, 5, 3, 0, '24', '1212', 'asas', '3', '432', 'ccc\r\n', '1', '1', NULL, NULL, NULL, NULL, NULL, NULL, NULL, NULL),
(5, 'garytest05', 'MY42100275', '2013-07-14 20:22:40', 1, 5, 1, 1, '25', '5332', 'asas', '3', '432', 'vvv\r\n', '1', '3', '无', 'gemcycle', '无', '技术部', '', '', NULL, NULL),
(6, 'garytest06', 'MY42100275', '2013-07-14 20:25:23', 2, 5, 2, 1, '26', '12213', 'sdadd', '3', '432', 'tew\r\n', '1', '1', NULL, NULL, NULL, NULL, NULL, NULL, NULL, NULL),
(7, 'garytest07', 'MY42100275', '2013-07-16 11:05:23', 1, 5, 1, 0, '26', '12213', 'lathe1', '12', '26', 'tew\r\n', '1', '1', NULL, NULL, NULL, NULL, NULL, NULL, NULL, NULL),
(8, 'garytest08', 'MY42100275', '2013-07-16 14:45:10', 1, 5, 1, 0, '26', '12213', 'lathe1', '10', '56', 'tew\r\n', '1', '1', NULL, NULL, NULL, NULL, NULL, NULL, NULL, NULL),
(9, 'garytest09', 'MY42100275', '2013-07-16 14:49:49', 1, 5, 2, 0, '26', '12213', 'lathe1', '2', '100', 'tew\r\n', '1', '1', NULL, NULL, NULL, NULL, NULL, NULL, NULL, NULL),
(10, 'garytest10', 'MY42100275', '2013-07-16 14:51:20', 1, 5, 1, 0, '26', '12213', 'lathe2', '3', '120', 'tew\r\n', '1', '1', NULL, NULL, NULL, NULL, NULL, NULL, NULL, NULL),
(11, 'garytest11', 'MY42100275', '2013-07-16 14:55:08', 1, 5, 2, 0, '26', '12213', 'lathe2', '20', '186', 'tew\r\n', '1', '1', NULL, NULL, NULL, NULL, NULL, NULL, NULL, NULL),
(12, 'garytest012', 'MY42100275', '2013-07-17 01:28:13', 1, 5, 1, 0, '30', '12213', 'lathe1', '5', '86', 'tew\r\n', '1', '1', '', '', '', '', '', '', NULL, NULL),
(13, 'garytest013', 'MY42100275', '2013-07-17 01:33:26', 1, 5, 1, 0, '30', '12213', 'lathe1', '0', '125', 'tew\r\n', '1', '1', '', '', '', '', '', '', NULL, NULL),
(14, 'garytest014', 'MY42100275', '2013-07-17 01:37:30', 1, 5, 1, 0, '30', '12213', 'lathe1', '23', '234', 'tew\r\n', '1', '1', '', '', '', '', '', '', NULL, NULL),
(15, 'garytest015', 'MY42100275', '2013-07-17 01:45:25', 1, 5, 1, 0, '30', '12213', 'lathe1', '12', '124', 'tew\r\n', '1', '1', '', '', '', '', '', '', NULL, NULL),
(16, 'garytest016', 'MY42100275', '2013-07-18 04:45:25', 1, 5, 1, 0, '30', '12213', 'lathe1', '50', '150', 'tew\r\n', '1', '1', '', '', '', '', '', '', NULL, NULL),
(17, 'garytest017', 'MY42100275', '2013-07-18 05:16:21', 1, 5, 2, 0, '30', '12213', 'lathe1', '20', '100', 'tew\r\n', '1', '1', '', '', '', '', '', '', NULL, NULL),
(18, 'garytest018', 'MY42100275', '2013-07-18 13:57:34', 1, 5, 1, 0, '30', '12213', 'lathe3', '11', '123', 'tew\r\n', '1', '1', NULL, NULL, NULL, NULL, NULL, NULL, NULL, NULL),
(19, 'garytest019', 'MY42100275', '2013-07-29 15:00:08', 2, 5, 2, 0, '1', '2', '1', '3', '22', '\r\n', '1', '1', NULL, NULL, NULL, NULL, NULL, NULL, NULL, NULL),
(20, 'garytest020', 'MY42100275', '2013-07-29 15:10:49', 2, 5, 2, 0, '40', '3800267', '11', '1000', '1500', '\r\n', '1', '1', NULL, NULL, NULL, NULL, NULL, NULL, NULL, NULL),
(21, 'garytest021', 'MY42100275', '2013-07-29 14:18:49', 2, 5, 2, 0, '40', '3800267', '11', '1000', '2000', '\r\n', '1', '1', NULL, NULL, NULL, NULL, NULL, NULL, NULL, NULL),
(22, 'garytest022', 'MY42100275', '2013-07-29 17:00:23', 2, 5, 2, 1, '20', '111', 'sdcsd', '8', '1231', '1212\r\n', '1', '1', NULL, NULL, NULL, NULL, NULL, NULL, NULL, NULL),
(23, 'garytest023', 'MY42100275', '2013-07-30 00:00:37', 2, 5, 2, 1, '1', '1', '2', '1', '123', '123\r\n', '1', '1', NULL, NULL, NULL, NULL, NULL, NULL, NULL, NULL),
(24, 'wefq', 'MY42100275', '2013-07-03 21:32:42', 2, 5, 2, 1, '1', '1', '2', '1', '123', '123\r\n', '1', '1', NULL, NULL, NULL, NULL, NULL, NULL, NULL, NULL);

-- --------------------------------------------------------

--
-- 表的结构 `producttype`
--

CREATE TABLE IF NOT EXISTS `producttype` (
  `id` int(11) NOT NULL AUTO_INCREMENT,
  `name` varchar(255) NOT NULL COMMENT '名称',
  `status` int(11) NOT NULL COMMENT '状态',
  PRIMARY KEY (`id`)
) ENGINE=InnoDB  DEFAULT CHARSET=utf8 COMMENT='产品类型' AUTO_INCREMENT=7 ;

--
-- 转存表中的数据 `producttype`
--

INSERT INTO `producttype` (`id`, `name`, `status`) VALUES
(1, 'producttype1', 1),
(2, 'producttype2', 1),
(3, 'producttype3', 1),
(4, '陈hhh', 1),
(5, 'garytestproducttype01', 2),
(6, 'producttype4', 1);

-- --------------------------------------------------------

--
-- 表的结构 `producttype_damping_standard`
--

CREATE TABLE IF NOT EXISTS `producttype_damping_standard` (
  `id` int(11) NOT NULL AUTO_INCREMENT,
  `producttype` int(11) NOT NULL COMMENT '产品型号',
  `frequence` float NOT NULL COMMENT '频点',
  `standard` float NOT NULL COMMENT '标准值',
  PRIMARY KEY (`id`)
) ENGINE=InnoDB  DEFAULT CHARSET=utf8 COMMENT='产品型号—衰减标准' AUTO_INCREMENT=57 ;

--
-- 转存表中的数据 `producttype_damping_standard`
--

INSERT INTO `producttype_damping_standard` (`id`, `producttype`, `frequence`, `standard`) VALUES
(1, 1, 100, 123456),
(2, 1, 150, 300),
(3, 1, 200, 123),
(4, 1, 280, 1234),
(5, 1, 450, 291),
(6, 1, 800, 1234),
(7, 1, 900, 12312),
(8, 1, 1000, 1291),
(9, 1, 1500, 1212),
(10, 1, 1800, 1221),
(11, 1, 2000, 12123),
(12, 1, 2200, 121212),
(13, 1, 2400, 12121),
(14, 1, 2500, 12312),
(15, 1, 3000, 1212),
(16, 2, 100, 201),
(17, 2, 150, 202),
(18, 2, 200, 203),
(19, 2, 280, 204),
(20, 2, 450, 205),
(21, 2, 800, 206),
(22, 2, 900, 207),
(23, 2, 1000, 208),
(24, 2, 1500, 209),
(25, 2, 1800, 210),
(26, 2, 2000, 211),
(27, 2, 2200, 212),
(28, 2, 2400, 213),
(29, 2, 2500, 214),
(30, 2, 3000, 215),
(31, 3, 100, 301),
(32, 3, 150, 302),
(33, 3, 200, 303),
(34, 3, 280, 304),
(35, 3, 450, 305),
(36, 3, 500, 3005),
(37, 3, 800, 306),
(38, 3, 900, 307),
(39, 3, 1000, 308),
(40, 3, 1500, 309),
(41, 3, 1800, 310),
(42, 3, 2000, 311),
(43, 3, 2200, 312),
(44, 3, 2400, 313),
(45, 3, 2500, 314),
(46, 3, 3000, 315),
(47, 4, 120, 307),
(48, 4, 220, 12),
(49, 4, 230, 309),
(50, 4, 240, 110),
(51, 4, 250, 121),
(52, 4, 260, 122),
(53, 4, 270, 123),
(54, 4, 280, 124),
(55, 4, 290, 125),
(56, 6, 2000, 1212);

-- --------------------------------------------------------

--
-- 表的结构 `producttype_tdrelelength_standard`
--

CREATE TABLE IF NOT EXISTS `producttype_tdrelelength_standard` (
  `id` int(11) NOT NULL AUTO_INCREMENT,
  `standard` float NOT NULL COMMENT '标准值',
  PRIMARY KEY (`id`)
) ENGINE=InnoDB  DEFAULT CHARSET=utf8 COMMENT='产品型号—TDR电长度标准' AUTO_INCREMENT=2 ;

--
-- 转存表中的数据 `producttype_tdrelelength_standard`
--

INSERT INTO `producttype_tdrelelength_standard` (`id`, `standard`) VALUES
(1, 23.345);

-- --------------------------------------------------------

--
-- 表的结构 `producttype_timedomainimpedance_standard`
--

CREATE TABLE IF NOT EXISTS `producttype_timedomainimpedance_standard` (
  `id` int(11) NOT NULL AUTO_INCREMENT,
  `producttype` int(11) NOT NULL COMMENT '产品型号',
  `min` float NOT NULL COMMENT '最小值',
  `max` float NOT NULL COMMENT '最大值',
  PRIMARY KEY (`id`)
) ENGINE=InnoDB  DEFAULT CHARSET=utf8 COMMENT='产品型号—时域阻抗标准' AUTO_INCREMENT=8 ;

--
-- 转存表中的数据 `producttype_timedomainimpedance_standard`
--

INSERT INTO `producttype_timedomainimpedance_standard` (`id`, `producttype`, `min`, `max`) VALUES
(1, 1, 100, 200),
(2, 2, 201, 300),
(3, 3, 321, 331),
(6, 4, 1212, 12123),
(7, 6, 444, 445);

-- --------------------------------------------------------

--
-- 表的结构 `qualitylosspercent`
--

CREATE TABLE IF NOT EXISTS `qualitylosspercent` (
  `id` int(11) NOT NULL AUTO_INCREMENT,
  `testitem` int(11) NOT NULL COMMENT '测试项',
  `frquencelimits` varchar(255) NOT NULL COMMENT '频率范围',
  `valuelimits` varchar(255) NOT NULL COMMENT '值范围',
  `qualitylosspercentval` varchar(255) NOT NULL COMMENT '质量损失费用比例',
  PRIMARY KEY (`id`)
) ENGINE=InnoDB  DEFAULT CHARSET=utf8 COMMENT='测试项目' AUTO_INCREMENT=14 ;

--
-- 转存表中的数据 `qualitylosspercent`
--

INSERT INTO `qualitylosspercent` (`id`, `testitem`, `frquencelimits`, `valuelimits`, `qualitylosspercentval`) VALUES
(1, 1, '0.8-1G', '1.15以下', '100%'),
(2, 1, '0.8-1G', '1.15-1.2', '10%'),
(3, 1, '0.8-1G', '1.2-1.3', '5%'),
(4, 1, '0.8-1G', '1.3以上', '4%'),
(5, 1, '1.7-2.5G', '1.15以下', '3%'),
(6, 1, '1.7-2.5G', '1.15-1.2', '2%'),
(7, 1, '1.7-2.5G', '1.2-1.3', '1%'),
(8, 1, '1.7-2.5G', '1.3以上', '0.9%'),
(9, 1, '0.8-1G且1.7-2.5G', '1.3以上', '15%'),
(10, 1, '0.8-1G且1.7-2.5G', '1.2-1.3', '6%'),
(11, 1, '0.8-1G且1.7-2.5G', '1.15-1.2', '7%'),
(12, 1, '0.8-1G且1.7-2.5G', '1.5以下', '0.8%'),
(13, 1, '5M-3G', '', '13%');

-- --------------------------------------------------------

--
-- 表的结构 `qualitypass_record`
--

CREATE TABLE IF NOT EXISTS `qualitypass_record` (
  `id` int(11) NOT NULL AUTO_INCREMENT,
  `producttestinfo` int(11) NOT NULL COMMENT '产品序列号',
  `responsible_person` varchar(20) NOT NULL COMMENT '责任人',
  `remark` varchar(255) NOT NULL COMMENT '备注',
  `modify_time` datetime NOT NULL COMMENT '放行时间',
  PRIMARY KEY (`id`)
) ENGINE=InnoDB  DEFAULT CHARSET=utf8 AUTO_INCREMENT=2 ;

--
-- 转存表中的数据 `qualitypass_record`
--

INSERT INTO `qualitypass_record` (`id`, `producttestinfo`, `responsible_person`, `remark`, `modify_time`) VALUES
(1, 1, 'user01', '放行', '2013-06-13 14:13:10');

-- --------------------------------------------------------

--
-- 表的结构 `status`
--

CREATE TABLE IF NOT EXISTS `status` (
  `id` int(11) NOT NULL AUTO_INCREMENT,
  `statusname` varchar(255) NOT NULL COMMENT '名称',
  PRIMARY KEY (`id`)
) ENGINE=InnoDB  DEFAULT CHARSET=utf8 COMMENT='组' AUTO_INCREMENT=3 ;

--
-- 转存表中的数据 `status`
--

INSERT INTO `status` (`id`, `statusname`) VALUES
(1, 'active'),
(2, 'inactive');

-- --------------------------------------------------------

--
-- 表的结构 `team`
--

CREATE TABLE IF NOT EXISTS `team` (
  `id` int(11) NOT NULL AUTO_INCREMENT,
  `name` varchar(255) NOT NULL COMMENT '名称',
  PRIMARY KEY (`id`)
) ENGINE=InnoDB  DEFAULT CHARSET=utf8 COMMENT='组' AUTO_INCREMENT=5 ;

--
-- 转存表中的数据 `team`
--

INSERT INTO `team` (`id`, `name`) VALUES
(1, '管理员'),
(2, '技术员'),
(3, '质量管理员'),
(4, '测试员及其他人员');

-- --------------------------------------------------------

--
-- 表的结构 `team_permission`
--

CREATE TABLE IF NOT EXISTS `team_permission` (
  `id` int(11) NOT NULL AUTO_INCREMENT,
  `team` int(10) NOT NULL COMMENT '组',
  `permission` int(10) NOT NULL COMMENT '权限',
  PRIMARY KEY (`id`)
) ENGINE=InnoDB DEFAULT CHARSET=utf8 COMMENT='组_权限表' AUTO_INCREMENT=1 ;

-- --------------------------------------------------------

--
-- 表的结构 `tester`
--

CREATE TABLE IF NOT EXISTS `tester` (
  `id` int(11) NOT NULL AUTO_INCREMENT,
  `fullname` varchar(255) NOT NULL COMMENT '姓名',
  `password` varchar(255) NOT NULL COMMENT '密码',
  `employeeid` varchar(255) NOT NULL COMMENT '员工号',
  `tester_section` int(11) NOT NULL COMMENT '所属测试项',
  `status` int(11) NOT NULL COMMENT '状态',
  PRIMARY KEY (`id`)
) ENGINE=InnoDB  DEFAULT CHARSET=utf8 COMMENT='测试者' AUTO_INCREMENT=6 ;

--
-- 转存表中的数据 `tester`
--

INSERT INTO `tester` (`id`, `fullname`, `password`, `employeeid`, `tester_section`, `status`) VALUES
(1, 'Gary Chen', '123456', '123456', 1, 1),
(2, '陈昌', '123456', 'pimtester', 2, 2),
(3, '张三', '123456', '001', 3, 1),
(4, '1', '1', '10086', 1, 2),
(5, 'abc', '1', '1', 1, 1);

-- --------------------------------------------------------

--
-- 表的结构 `tester_section`
--

CREATE TABLE IF NOT EXISTS `tester_section` (
  `id` int(11) NOT NULL AUTO_INCREMENT,
  `name` varchar(255) NOT NULL COMMENT '名称',
  PRIMARY KEY (`id`)
) ENGINE=InnoDB  DEFAULT CHARSET=utf8 COMMENT='工段' AUTO_INCREMENT=4 ;

--
-- 转存表中的数据 `tester_section`
--

INSERT INTO `tester_section` (`id`, `name`) VALUES
(1, 'VNA'),
(2, 'PIM'),
(3, 'PACK');

-- --------------------------------------------------------

--
-- 表的结构 `testitem`
--

CREATE TABLE IF NOT EXISTS `testitem` (
  `id` int(11) NOT NULL AUTO_INCREMENT,
  `name` varchar(255) NOT NULL COMMENT '名称',
  `qualitylosspercent` varchar(10) NOT NULL COMMENT '质量损失比例',
  `testitemsection` int(11) NOT NULL COMMENT '测试项类型',
  `status` int(11) NOT NULL COMMENT '状态',
  PRIMARY KEY (`id`)
) ENGINE=InnoDB  DEFAULT CHARSET=utf8 COMMENT='测试项目' AUTO_INCREMENT=12 ;

--
-- 转存表中的数据 `testitem`
--

INSERT INTO `testitem` (`id`, `name`, `qualitylosspercent`, `testitemsection`, `status`) VALUES
(1, '驻波1', '', 1, 1),
(2, '驻波2', '', 1, 1),
(3, '回波损耗1', '', 1, 1),
(4, '回波损耗2', '', 1, 1),
(5, '时域阻抗', '0.5%', 1, 1),
(6, '衰减', '30%', 1, 1),
(7, '跳线测试', '40%', 1, 1),
(8, 'TDR电长度', '50%', 1, 1),
(10, 'garytestitem01', '9.9%', 1, 1),
(11, 'garytestitem02', '9.8%', 1, 1);

-- --------------------------------------------------------

--
-- 表的结构 `testitemmarkvalue`
--

CREATE TABLE IF NOT EXISTS `testitemmarkvalue` (
  `id` int(11) NOT NULL AUTO_INCREMENT,
  `testItemResult` int(11) NOT NULL COMMENT '所属测试项目结果',
  `value` varchar(255) NOT NULL COMMENT '数值',
  `mark` varchar(255) NOT NULL COMMENT '频率标示',
  `channel` int(11) NOT NULL COMMENT 'channel',
  `trace` int(11) NOT NULL COMMENT 'trace',
  `result` tinyint(1) NOT NULL COMMENT '结果',
  PRIMARY KEY (`id`)
) ENGINE=InnoDB  DEFAULT CHARSET=utf8 COMMENT='测试项目取样值' AUTO_INCREMENT=490 ;

--
-- 转存表中的数据 `testitemmarkvalue`
--

INSERT INTO `testitemmarkvalue` (`id`, `testItemResult`, `value`, `mark`, `channel`, `trace`, `result`) VALUES
(1, 1, '1.4155', '1000M', 1, 1, 1),
(2, 1, '0.3961', '450M', 1, 1, 1),
(3, 1, '1.2683', '900M', 1, 1, 1),
(4, 2, '49.9594', '-1000p', 1, 1, 1),
(5, 3, '12331', '100M', 1, 1, 1),
(6, 3, '23356', '150M', 1, 2, 1),
(7, 3, '43454', '200M', 1, 2, 1),
(8, 3, '52121.123', '280M', 1, 2, 1),
(9, 3, '62414.121', '450M', 1, 2, 1),
(10, 3, '78971.1231', '800M', 1, 2, 1),
(11, 3, '81627.1324', '900M', 1, 2, 1),
(12, 4, '1600251.9262', '2.171G', 1, 1, 1),
(13, 4, '237.0924', '806.375M', 2, 1, 1),
(14, 4, '27810.7256', '2.174G', 3, 1, 1),
(15, 5, '2083937.4034', '2.148G', 1, 1, 1),
(16, 5, '204.0893', '814.5M', 2, 1, 1),
(17, 5, '169670.4477', '2.131G', 3, 1, 1),
(18, 6, '1.4155', '1000M', 1, 1, 1),
(19, 6, '0.3961', '450M', 1, 1, 1),
(20, 6, '1.2683', '900M', 1, 1, 1),
(21, 7, '49.9594', '-1000p', 1, 1, 1),
(22, 8, '12331', '100M', 1, 1, 1),
(23, 8, '23356', '150M', 1, 2, 1),
(24, 8, '43454', '200M', 1, 2, 1),
(25, 8, '52121.123', '280M', 1, 2, 1),
(26, 8, '62414.121', '450M', 1, 2, 1),
(27, 8, '78971.1231', '800M', 1, 2, 1),
(28, 8, '81627.1324', '900M', 1, 2, 1),
(29, 9, '1600251.9262', '2.171G', 1, 1, 1),
(30, 9, '237.0924', '806.375M', 2, 1, 1),
(31, 9, '27810.7256', '2.174G', 3, 1, 1),
(32, 10, '2083937.4034', '2.148G', 1, 1, 1),
(33, 10, '204.0893', '814.5M', 2, 1, 1),
(34, 10, '169670.4477', '2.131G', 3, 1, 1),
(35, 11, '3.122', '897M', 1, 1, 1),
(36, 11, '0.2341', '234M', 1, 1, 0),
(37, 11, '1.2683', '900M', 1, 1, 1),
(38, 12, '34.9594', '-999p', 1, 1, 0),
(39, 13, '1221.1212', '100M', 1, 1, 1),
(40, 13, '2331', '150M', 1, 2, 1),
(41, 13, '3231', '200M', 1, 2, 1),
(42, 13, '4232.123', '280M', 1, 2, 1),
(43, 13, '5212.121', '450M', 1, 2, 1),
(44, 13, '6321.1231', '800M', 1, 2, 1),
(45, 13, '7212.1324', '900M', 1, 2, 1),
(46, 14, '1600251.9262', '2.171G', 1, 1, 1),
(47, 14, '237.0924', '806.375M', 2, 1, 1),
(48, 14, '27810.7256', '2.174G', 3, 1, 1),
(49, 15, '2083937.4034', '2.148G', 1, 1, 1),
(50, 15, '204.0893', '814.5M', 2, 1, 1),
(51, 15, '169670.4477', '2.131G', 3, 1, 1),
(52, 16, '3.122', '897M', 1, 1, 1),
(53, 16, '0.2341', '234M', 1, 1, 0),
(54, 16, '1.2683', '900M', 1, 1, 1),
(55, 17, '34.9594', '-999p', 1, 1, 0),
(56, 18, '1221.1212', '100M', 1, 1, 1),
(57, 18, '2331', '150M', 1, 2, 1),
(58, 18, '3231', '200M', 1, 2, 1),
(59, 18, '4232.123', '280M', 1, 2, 1),
(60, 18, '5212.121', '450M', 1, 2, 1),
(61, 18, '6321.1231', '800M', 1, 2, 1),
(62, 18, '7212.1324', '900M', 1, 2, 1),
(63, 19, '1600251.9262', '2.171G', 1, 1, 1),
(64, 19, '237.0924', '806.375M', 2, 1, 1),
(65, 19, '27810.7256', '2.174G', 3, 1, 1),
(66, 20, '2083937.4034', '2.148G', 1, 1, 1),
(67, 20, '204.0893', '814.5M', 2, 1, 0),
(68, 20, '169670.4477', '2.131G', 3, 1, 1),
(69, 21, '3.122', '897M', 1, 1, 1),
(70, 21, '0.2341', '234M', 1, 1, 0),
(71, 21, '1.2683', '900M', 1, 1, 1),
(72, 22, '34.9594', '-999p', 1, 1, 0),
(73, 23, '1221.1212', '100M', 1, 1, 1),
(74, 23, '2331', '150M', 1, 2, 1),
(75, 23, '3421', '200M', 1, 2, 1),
(76, 23, '4232.123', '280M', 1, 2, 1),
(77, 23, '5212.121', '450M', 1, 2, 1),
(78, 23, '6321.1231', '800M', 1, 2, 1),
(79, 23, '7155.1324', '900M', 1, 2, 1),
(80, 23, '8121.12', '1G', 1, 2, 1),
(81, 24, '1600251.9262', '2.171G', 1, 1, 1),
(82, 24, '237.0924', '806.375M', 2, 1, 1),
(83, 24, '27810.7256', '2.174G', 3, 1, 1),
(84, 25, '2083937.4034', '2.148G', 1, 1, 1),
(85, 25, '204.0893', '814.5M', 2, 1, 0),
(86, 25, '169670.4477', '2.131G', 3, 1, 1),
(87, 26, '3.122', '897M', 1, 1, 1),
(88, 26, '0.2341', '234M', 1, 1, 0),
(89, 26, '1.2683', '900M', 1, 1, 1),
(90, 27, '34.9594', '-999p', 1, 1, 0),
(91, 28, '1221.1212', '100M', 1, 1, 1),
(92, 28, '2331', '150M', 1, 2, 1),
(93, 28, '3421', '200M', 1, 2, 1),
(94, 28, '4232.123', '280M', 1, 2, 1),
(95, 28, '5212.121', '450M', 1, 2, 1),
(96, 28, '6321.1231', '800M', 1, 2, 1),
(97, 28, '7155.1324', '900M', 1, 2, 1),
(98, 28, '8121.12', '1G', 1, 2, 1),
(99, 28, '9676.12', '1.5G', 1, 2, 1),
(100, 29, '1600251.9262', '2.171G', 1, 1, 1),
(101, 29, '237.0924', '806.375M', 2, 1, 1),
(102, 29, '27810.7256', '2.174G', 3, 1, 1),
(103, 30, '2083937.4034', '2.148G', 1, 1, 1),
(104, 30, '204.0893', '814.5M', 2, 1, 0),
(105, 30, '169670.4477', '2.131G', 3, 1, 1),
(106, 31, '2083937.4034', '2.148G', 1, 1, 1),
(107, 31, '204.0893', '814.5M', 2, 1, 0),
(108, 31, '169670.4477', '2.131G', 3, 1, 1),
(109, 32, '3.122', '897M', 1, 1, 1),
(110, 32, '0.2341', '234M', 1, 1, 0),
(111, 32, '1.2683', '900M', 1, 1, 1),
(112, 33, '34.9594', '-999p', 1, 1, 0),
(113, 34, '1221.1212', '100M', 1, 1, 1),
(114, 34, '2331', '150M', 1, 2, 1),
(115, 34, '3421', '200M', 1, 2, 1),
(116, 34, '4232.123', '280M', 1, 2, 1),
(117, 34, '5212.121', '450M', 1, 2, 1),
(118, 34, '6321.1231', '800M', 1, 2, 1),
(119, 34, '7155.1324', '900M', 1, 2, 1),
(120, 34, '8121.12', '1G', 1, 2, 1),
(121, 34, '9676.12', '1.5G', 1, 2, 1),
(122, 35, '1600251.9262', '2.171G', 1, 1, 1),
(123, 35, '237.0924', '806.375M', 2, 1, 1),
(124, 35, '27810.7256', '2.174G', 3, 1, 1),
(125, 36, '2083937.4034', '2.148G', 1, 1, 1),
(126, 36, '204.0893', '814.5M', 2, 1, 0),
(127, 36, '169670.4477', '2.131G', 3, 1, 1),
(128, 37, '2083937.4034', '2.148G', 1, 1, 1),
(129, 37, '204.0893', '814.5M', 2, 1, 0),
(130, 37, '169670.4477', '2.131G', 3, 1, 1),
(131, 38, '3.122', '897M', 1, 1, 1),
(132, 38, '0.2341', '234M', 1, 1, 0),
(133, 38, '1.2683', '900M', 1, 1, 1),
(134, 39, '34.9594', '-999p', 1, 1, 0),
(135, 40, '1221.1212', '100M', 1, 1, 1),
(136, 40, '2331', '150M', 1, 2, 1),
(137, 40, '3421', '200M', 1, 2, 1),
(138, 40, '4232.123', '280M', 1, 2, 1),
(139, 40, '5212.121', '450M', 1, 2, 1),
(140, 40, '6321.1231', '800M', 1, 2, 1),
(141, 40, '7155.1324', '900M', 1, 2, 1),
(142, 40, '8121.12', '1G', 1, 2, 1),
(143, 40, '9676.12', '1.5G', 1, 2, 1),
(144, 41, '2083937.4034', '2.148G', 1, 1, 1),
(145, 41, '204.0893', '814.5M', 2, 1, 0),
(146, 41, '169670.4477', '2.131G', 3, 1, 1),
(147, 42, '1600251.9262', '2.171G', 1, 1, 1),
(148, 42, '237.0924', '806.375M', 2, 1, 1),
(149, 42, '27810.7256', '2.174G', 3, 1, 1),
(150, 43, '2083937.4034', '2.148G', 1, 1, 1),
(151, 43, '204.0893', '814.5M', 2, 1, 0),
(152, 43, '169670.4477', '2.131G', 3, 1, 1),
(153, 44, '2083937.4034', '2.148G', 1, 1, 1),
(154, 44, '204.0893', '814.5M', 2, 1, 0),
(155, 44, '169670.4477', '2.131G', 3, 1, 1),
(156, 45, '3.122', '897M', 1, 1, 1),
(157, 45, '0.2341', '234M', 1, 1, 0),
(158, 45, '1.2683', '900M', 1, 1, 1),
(159, 46, '34.9594', '-999p', 1, 1, 0),
(160, 47, '1221.1212', '100M', 1, 1, 1),
(161, 47, '2331', '150M', 1, 2, 1),
(162, 47, '3421', '200M', 1, 2, 1),
(163, 47, '4232.123', '280M', 1, 2, 1),
(164, 47, '5212.121', '450M', 1, 2, 1),
(165, 47, '6321.1231', '800M', 1, 2, 1),
(166, 47, '7155.1324', '900M', 1, 2, 1),
(167, 47, '8121.12', '1G', 1, 2, 1),
(168, 47, '9676.12', '1.5G', 1, 2, 1),
(169, 48, '2083937.4034', '2.148G', 1, 1, 1),
(170, 48, '204.0893', '814.5M', 2, 1, 0),
(171, 48, '169670.4477', '2.131G', 3, 1, 1),
(172, 49, '1600251.9262', '2.171G', 1, 1, 1),
(173, 49, '237.0924', '806.375M', 2, 1, 1),
(174, 49, '27810.7256', '2.174G', 3, 1, 1),
(175, 50, '2083937.4034', '2.148G', 1, 1, 1),
(176, 50, '204.0893', '814.5M', 2, 1, 0),
(177, 50, '169670.4477', '2.131G', 3, 1, 1),
(178, 51, '2083937.4034', '2.148G', 1, 1, 1),
(179, 51, '204.0893', '814.5M', 2, 1, 0),
(180, 51, '169670.4477', '2.131G', 3, 1, 1),
(181, 52, '3.122', '897M', 1, 1, 1),
(182, 52, '0.2341', '234M', 1, 1, 0),
(183, 52, '1.2683', '900M', 1, 1, 1),
(184, 53, '34.9594', '-999p', 1, 1, 0),
(185, 54, '1221.1212', '100M', 1, 1, 1),
(186, 54, '2331', '150M', 1, 2, 1),
(187, 54, '3421', '200M', 1, 2, 1),
(188, 54, '4232.123', '280M', 1, 2, 1),
(189, 54, '5212.121', '450M', 1, 2, 1),
(190, 54, '6321.1231', '800M', 1, 2, 1),
(191, 54, '7155.1324', '900M', 1, 2, 1),
(192, 54, '8121.12', '1G', 1, 2, 1),
(193, 54, '9676.12', '1.5G', 1, 2, 1),
(194, 55, '2083937.4034', '2.148G', 1, 1, 1),
(195, 55, '204.0893', '814.5M', 2, 1, 0),
(196, 55, '169670.4477', '2.131G', 3, 1, 1),
(197, 56, '1600251.9262', '2.171G', 1, 1, 1),
(198, 56, '237.0924', '806.375M', 2, 1, 1),
(199, 56, '27810.7256', '2.174G', 3, 1, 1),
(200, 57, '2083937.4034', '2.148G', 1, 1, 1),
(201, 57, '204.0893', '814.5M', 2, 1, 0),
(202, 57, '169670.4477', '2.131G', 3, 1, 1),
(203, 58, '2083937.4034', '2.148G', 1, 1, 1),
(204, 58, '204.0893', '814.5M', 2, 1, 0),
(205, 58, '169670.4477', '2.131G', 3, 1, 1),
(206, 59, '3.122', '897M', 1, 1, 1),
(207, 59, '0.2341', '234M', 1, 1, 0),
(208, 59, '1.2683', '900M', 1, 1, 1),
(209, 60, '34.9594', '-999p', 1, 1, 0),
(210, 61, '1221.1212', '100M', 1, 1, 1),
(211, 61, '2331', '150M', 1, 2, 1),
(212, 61, '3421', '200M', 1, 2, 1),
(213, 61, '4232.123', '280M', 1, 2, 1),
(214, 61, '5212.121', '450M', 1, 2, 1),
(215, 61, '6321.1231', '800M', 1, 2, 1),
(216, 61, '7155.1324', '900M', 1, 2, 1),
(217, 61, '8121.12', '1G', 1, 2, 1),
(218, 61, '9676.12', '1.5G', 1, 2, 1),
(219, 62, '2083937.4034', '2.148G', 1, 1, 1),
(220, 62, '204.0893', '814.5M', 2, 1, 0),
(221, 62, '169670.4477', '2.131G', 3, 1, 1),
(222, 63, '1.9262', '2.171G', 1, 1, 0),
(223, 63, '1.0924', '806.375M', 2, 1, 1),
(224, 63, '1.7256', '1.74G', 3, 1, 1),
(225, 64, '2083937.4034', '2.148G', 1, 1, 1),
(226, 64, '204.0893', '814.5M', 2, 1, 0),
(227, 64, '169670.4477', '2.131G', 3, 1, 1),
(228, 65, '2083937.4034', '2.148G', 1, 1, 1),
(229, 65, '204.0893', '814.5M', 2, 1, 1),
(230, 65, '169670.4477', '2.131G', 3, 1, 1),
(231, 66, '3.122', '897M', 1, 1, 1),
(232, 66, '0.2341', '234M', 1, 1, 1),
(233, 66, '1.2683', '900M', 1, 1, 1),
(234, 67, '34.9594', '-999p', 1, 1, 0),
(235, 68, '1221.1212', '100M', 1, 1, 1),
(236, 68, '2331', '150M', 1, 2, 1),
(237, 68, '3421', '200M', 1, 2, 1),
(238, 68, '4232.123', '280M', 1, 2, 1),
(239, 68, '5212.121', '450M', 1, 2, 1),
(240, 68, '6321.1231', '800M', 1, 2, 1),
(241, 68, '7155.1324', '900M', 1, 2, 1),
(242, 68, '8121.12', '1G', 1, 2, 1),
(243, 68, '9676.12', '1.5G', 1, 2, 1),
(244, 69, '2083937.4034', '2.148G', 1, 1, 1),
(245, 69, '204.0893', '814.5M', 2, 1, 1),
(246, 69, '169670.4477', '2.131G', 3, 1, 1),
(247, 70, '1.9262', '2.171G', 1, 1, 0),
(248, 70, '1.0924', '806.375M', 2, 1, 1),
(249, 70, '1.7256', '1.74G', 3, 1, 1),
(250, 71, '2083937.4034', '2.148G', 1, 1, 1),
(251, 71, '204.0893', '814.5M', 2, 1, 1),
(252, 71, '169670.4477', '2.131G', 3, 1, 1),
(253, 72, '2083937.4034', '2.148G', 1, 1, 1),
(254, 72, '204.0893', '814.5M', 2, 1, 1),
(255, 72, '169670.4477', '2.131G', 3, 1, 1),
(256, 73, '3.122', '897M', 1, 1, 1),
(257, 73, '0.2341', '234M', 1, 1, 1),
(258, 73, '1.2683', '900M', 1, 1, 1),
(259, 74, '34.9594', '-999p', 1, 1, 0),
(260, 75, '1221.1212', '100M', 1, 1, 1),
(261, 75, '2331', '150M', 1, 2, 1),
(262, 75, '3421', '200M', 1, 2, 1),
(263, 75, '4232.123', '280M', 1, 2, 1),
(264, 75, '5212.121', '450M', 1, 2, 1),
(265, 75, '6321.1231', '800M', 1, 2, 1),
(266, 75, '7155.1324', '900M', 1, 2, 1),
(267, 75, '8121.12', '1G', 1, 2, 1),
(268, 75, '9676.12', '1.5G', 1, 2, 1),
(269, 76, '2083937.4034', '2.148G', 1, 1, 1),
(270, 76, '204.0893', '814.5M', 2, 1, 1),
(271, 76, '169670.4477', '2.131G', 3, 1, 1),
(272, 77, '1.9262', '2.171G', 1, 1, 0),
(273, 77, '1.0924', '806.375M', 2, 1, 0),
(274, 77, '1.7256', '1.74G', 3, 1, 1),
(275, 78, '2083937.4034', '2.148G', 1, 1, 1),
(276, 78, '204.0893', '814.5M', 2, 1, 1),
(277, 78, '169670.4477', '2.131G', 3, 1, 1),
(278, 79, '2083937.4034', '2.148G', 1, 1, 1),
(279, 79, '204.0893', '814.5M', 2, 1, 1),
(280, 79, '169670.4477', '2.131G', 3, 1, 1),
(281, 80, '3.122', '897M', 1, 1, 1),
(282, 80, '0.2341', '234M', 1, 1, 1),
(283, 80, '1.2683', '900M', 1, 1, 1),
(284, 81, '34.9594', '-999p', 1, 1, 0),
(285, 82, '1221.1212', '100M', 1, 1, 1),
(286, 82, '2331', '150M', 1, 2, 1),
(287, 82, '3421', '200M', 1, 2, 1),
(288, 82, '4232.123', '280M', 1, 2, 1),
(289, 82, '5212.121', '450M', 1, 2, 1),
(290, 82, '6321.1231', '800M', 1, 2, 1),
(291, 82, '7155.1324', '900M', 1, 2, 1),
(292, 82, '8121.12', '1G', 1, 2, 1),
(293, 82, '9676.12', '1.5G', 1, 2, 1),
(294, 83, '2083937.4034', '2.148G', 1, 1, 1),
(295, 83, '204.0893', '814.5M', 2, 1, 1),
(296, 83, '169670.4477', '2.131G', 3, 1, 1),
(297, 84, '1.9262', '2.171G', 1, 1, 0),
(298, 84, '1.0924', '806.375M', 2, 1, 0),
(299, 84, '1.7256', '1.74G', 3, 1, 1),
(300, 85, '2.0', '2.148G', 1, 1, 1),
(301, 85, '1.175', '814.5M', 2, 1, 0),
(302, 85, '1.4', '2.131G', 3, 1, 0),
(303, 86, '2083937.4034', '2.148G', 1, 1, 1),
(304, 86, '204.0893', '814.5M', 2, 1, 1),
(305, 86, '169670.4477', '2.131G', 3, 1, 1),
(306, 87, '23.5', '897M', 1, 1, 0),
(307, 87, '19', '2.3G', 1, 1, 0),
(308, 87, '1.2683', '900M', 1, 1, 1),
(309, 88, '34.9594', '-999p', 1, 1, 0),
(310, 89, '1221.1212', '100M', 1, 1, 1),
(311, 89, '2331', '150M', 1, 2, 1),
(312, 89, '3421', '200M', 1, 2, 1),
(313, 89, '4232.123', '280M', 1, 2, 1),
(314, 89, '5212.121', '450M', 1, 2, 1),
(315, 89, '6321.1231', '800M', 1, 2, 1),
(316, 89, '7155.1324', '900M', 1, 2, 1),
(317, 89, '8121.12', '1G', 1, 2, 1),
(318, 89, '9676.12', '1.5G', 1, 2, 1),
(319, 90, '2083937.4034', '2.148G', 1, 1, 1),
(320, 90, '204.0893', '814.5M', 2, 1, 1),
(321, 90, '169670.4477', '2.131G', 3, 1, 1),
(322, 91, '1.9262', '2.171G', 1, 1, 1),
(323, 91, '1.0924', '806.375M', 2, 1, 1),
(324, 91, '1.7256', '1.74G', 3, 1, 1),
(325, 92, '2.0', '2.148G', 1, 1, 1),
(326, 92, '1.175', '814.5M', 2, 1, 1),
(327, 92, '1.4', '2.131G', 3, 1, 1),
(328, 93, '2083937.4034', '2.148G', 1, 1, 1),
(329, 93, '204.0893', '814.5M', 2, 1, 1),
(330, 93, '169670.4477', '2.131G', 3, 1, 1),
(331, 94, '23.5', '897M', 1, 1, 0),
(332, 94, '19', '2.3G', 1, 1, 0),
(333, 94, '1.2683', '900M', 1, 1, 1),
(334, 95, '34.9594', '-999p', 1, 1, 0),
(335, 96, '1221.1212', '100M', 1, 1, 1),
(336, 96, '2331', '150M', 1, 2, 1),
(337, 96, '3421', '200M', 1, 2, 1),
(338, 96, '4232.123', '280M', 1, 2, 1),
(339, 96, '5212.121', '450M', 1, 2, 1),
(340, 96, '6321.1231', '800M', 1, 2, 1),
(341, 96, '7155.1324', '900M', 1, 2, 1),
(342, 96, '8121.12', '1G', 1, 2, 1),
(343, 96, '9676.12', '1.5G', 1, 2, 1),
(344, 97, '2083937.4034', '2.148G', 1, 1, 1),
(345, 97, '204.0893', '814.5M', 2, 1, 1),
(346, 97, '169670.4477', '2.131G', 3, 1, 1),
(347, 98, '1.9262', '2.171G', 1, 1, 1),
(348, 98, '1.0924', '806.375M', 2, 1, 1),
(349, 98, '1.7256', '1.74G', 3, 1, 1),
(350, 99, '2.0', '2.148G', 1, 1, 1),
(351, 99, '1.175', '814.5M', 2, 1, 1),
(352, 99, '1.4', '2.131G', 3, 1, 1),
(353, 100, '2083937.4034', '2.148G', 1, 1, 1),
(354, 100, '204.0893', '814.5M', 2, 1, 1),
(355, 100, '169670.4477', '2.131G', 3, 1, 1),
(356, 101, '23.5', '897M', 1, 1, 1),
(357, 101, '19', '2.3G', 1, 1, 1),
(358, 101, '1.2683', '900M', 1, 1, 1),
(359, 102, '34.9594', '-999p', 1, 1, 0),
(360, 103, '1221.1212', '100M', 1, 1, 1),
(361, 103, '2331', '150M', 1, 2, 1),
(362, 103, '3421', '200M', 1, 2, 1),
(363, 103, '4232.123', '280M', 1, 2, 1),
(364, 103, '5212.121', '450M', 1, 2, 1),
(365, 103, '6321.1231', '800M', 1, 2, 1),
(366, 103, '7155.1324', '900M', 1, 2, 1),
(367, 103, '8121.12', '1G', 1, 2, 1),
(368, 103, '9676.12', '1.5G', 1, 2, 1),
(369, 104, '2083937.4034', '2.148G', 1, 1, 1),
(370, 104, '204.0893', '814.5M', 2, 1, 1),
(371, 104, '169670.4477', '2.131G', 3, 1, 1),
(372, 105, '1.9262', '2.171G', 1, 1, 1),
(373, 105, '1.0924', '806.375M', 2, 1, 1),
(374, 105, '1.7256', '1.74G', 3, 1, 1),
(375, 106, '2.0', '2.148G', 1, 1, 1),
(376, 106, '1.175', '814.5M', 2, 1, 0),
(377, 106, '1.4', '2.131G', 3, 1, 1),
(378, 107, '2.0', '2.148G', 1, 1, 1),
(379, 107, '1.175', '814.5M', 2, 1, 1),
(380, 107, '1.4', '2.131G', 3, 1, 1),
(381, 108, '2083937.4034', '2.148G', 1, 1, 1),
(382, 108, '204.0893', '814.5M', 2, 1, 1),
(383, 108, '169670.4477', '2.131G', 3, 1, 1),
(384, 109, '23.5', '897M', 1, 1, 1),
(385, 109, '19', '2.3G', 1, 1, 1),
(386, 109, '1.2683', '900M', 1, 1, 1),
(387, 110, '34.9594', '-999p', 1, 1, 0),
(388, 111, '1221.1212', '100M', 1, 1, 1),
(389, 111, '2331', '150M', 1, 2, 1),
(390, 111, '3421', '200M', 1, 2, 1),
(391, 111, '4232.123', '280M', 1, 2, 1),
(392, 111, '5212.121', '450M', 1, 2, 1),
(393, 111, '6321.1231', '800M', 1, 2, 1),
(394, 111, '7155.1324', '900M', 1, 2, 1),
(395, 111, '8121.12', '1G', 1, 2, 1),
(396, 111, '9676.12', '1.5G', 1, 2, 1),
(397, 112, '2083937.4034', '2.148G', 1, 1, 1),
(398, 112, '204.0893', '814.5M', 2, 1, 1),
(399, 112, '169670.4477', '2.131G', 3, 1, 1),
(400, 113, '1.9262', '2.171G', 1, 1, 1),
(401, 113, '1.0924', '806.375M', 2, 1, 0),
(402, 113, '1.7256', '1.74G', 3, 1, 1),
(403, 114, '2.0', '2.148G', 1, 1, 1),
(404, 114, '1.175', '814.5M', 2, 1, 0),
(405, 114, '1.4', '2.131G', 3, 1, 1),
(406, 115, '1.0145', '3.744u', 1, 1, 0),
(407, 117, '5.5509', '3.744u', 1, 1, 0),
(408, 117, '5.5509', '3.744u', 1, 2, 0),
(409, 118, '1.0145', '3.744u', 1, 1, 0),
(410, 119, '1.0145', '3.744u', 1, 1, 0),
(411, 120, '1.0147', '3.738u', 1, 1, 1),
(412, 121, '34.9594', '-999p', 1, 1, 1),
(413, 122, '0.1954', '3.738u', 1, 1, 1),
(414, 122, '0.1954', '3.738u', 1, 2, 1),
(415, 123, '1.0147', '3.738u', 1, 1, 1),
(416, 124, '1.0147', '3.738u', 1, 1, 1),
(417, 125, '1.0147', '3.738u', 1, 1, 1),
(418, 126, '34.9594', '-999p', 1, 1, 1),
(419, 127, '0.1954', '3.738u', 1, 1, 1),
(420, 127, '0.1954', '3.738u', 1, 2, 1),
(421, 128, '2.0', '2.148G', 1, 1, 1),
(422, 128, '1.175', '814.5M', 2, 1, 0),
(423, 128, '1.4', '2.131G', 3, 1, 1),
(424, 128, '1.4', '2.1G', 3, 1, 1),
(425, 129, '1.9262', '2.171G', 1, 1, 1),
(426, 129, '1.0924', '806.375M', 2, 1, 0),
(427, 129, '1.0924', '805.375M', 2, 1, 0),
(428, 129, '1.7256', '1.74G', 3, 1, 1),
(429, 130, '1.4155', '1000M', 1, 1, 1),
(430, 130, '0.3961', '450M', 1, 1, 1),
(431, 130, '1.2683', '900M', 1, 1, 1),
(432, 131, '49.9594', '-1000p', 1, 1, 1),
(433, 132, '12331', '100M', 1, 1, 1),
(434, 132, '23356', '150M', 1, 2, 1),
(435, 132, '43454', '200M', 1, 2, 1),
(436, 132, '52121.123', '280M', 1, 2, 1),
(437, 132, '62414.121', '450M', 1, 2, 1),
(438, 132, '78971.1231', '800M', 1, 2, 1),
(439, 132, '81627.1324', '900M', 1, 2, 1),
(440, 133, '1600251.9262', '2.171G', 1, 1, 1),
(441, 133, '237.0924', '806.375M', 2, 1, 1),
(442, 133, '27810.7256', '2.174G', 3, 1, 1),
(443, 133, '2780.7156', '2.14G', 3, 1, 1),
(444, 134, '2083937.4034', '2.148G', 1, 1, 1),
(445, 134, '169670.4477', '2.131G', 3, 1, 1),
(446, 135, '-1.7839', '611.017M', 1, 1, 1),
(447, 135, '-709.42', '611.017M', 1, 1, 1),
(448, 135, '1.6137', '1.138G', 1, 1, 1),
(449, 135, '-375.0736', '1.138G', 1, 1, 1),
(450, 135, '2.9989', '1.773G', 1, 1, 1),
(451, 135, '-240.3898', '1.773G', 1, 1, 1),
(452, 135, '2.063', '2.329G', 1, 1, 1),
(453, 135, '-180.3818', '2.329G', 1, 1, 1),
(454, 136, '50.0181', '时域阻抗', 1, 1, 1),
(455, 137, '-0.0215', '159.225M', 1, 1, 1),
(456, 137, '0.0238', '304.905M', 1, 1, 1),
(457, 137, '0.0129', '430.721M', 1, 1, 1),
(458, 137, '0.0002', '596.267M', 1, 1, 1),
(459, 137, '0.025', '874.385M', 1, 1, 1),
(460, 137, '0.0078', '1.013G', 1, 1, 1),
(461, 137, '0.0068', '1.404G', 1, 1, 1),
(462, 137, '0.0142', '1.643G', 1, 1, 1),
(463, 137, '0.0274', '1.821G', 1, 1, 1),
(464, 138, '-0.0239', '1.047G', 1, 1, 1),
(465, 138, '-0.0224', '1.438G', 2, 1, 0),
(466, 138, '-0.0248', '968.953M', 3, 1, 1),
(467, 138, '-0.0123', '1.125G', 4, 1, 1),
(468, 139, '-1.7839', '611.017M', 1, 1, 1),
(469, 139, '-709.42', '611.017M', 1, 1, 1),
(470, 139, '1.6137', '1.138G', 1, 1, 1),
(471, 139, '-375.0736', '1.138G', 1, 1, 1),
(472, 139, '2.9989', '1.773G', 1, 1, 1),
(473, 139, '-240.3898', '1.773G', 1, 1, 1),
(474, 139, '2.063', '2.329G', 1, 1, 1),
(475, 139, '-180.3818', '2.329G', 1, 1, 1),
(476, 140, '50.0181', '时域阻抗', 1, 1, 1),
(477, 141, '-0.0215', '159.225M', 1, 1, 1),
(478, 141, '0.0238', '304.905M', 1, 1, 1),
(479, 141, '0.0129', '430.721M', 1, 1, 1),
(480, 141, '0.0002', '596.267M', 1, 1, 1),
(481, 141, '0.025', '874.385M', 1, 1, 1),
(482, 141, '0.0078', '1.013G', 1, 1, 1),
(483, 141, '0.0068', '1.404G', 1, 1, 1),
(484, 141, '0.0142', '1.643G', 1, 1, 1),
(485, 141, '0.0274', '1.821G', 1, 1, 1),
(486, 142, '-0.0239', '1.047G', 1, 1, 1),
(487, 142, '-0.0224', '1.438G', 2, 1, 0),
(488, 142, '-0.0248', '968.953M', 3, 1, 1),
(489, 142, '-0.0123', '1.125G', 4, 1, 1);

-- --------------------------------------------------------

--
-- 表的结构 `testitemresult`
--

CREATE TABLE IF NOT EXISTS `testitemresult` (
  `id` int(11) NOT NULL AUTO_INCREMENT,
  `productTestInfo` int(11) NOT NULL COMMENT '所属产品测试信息',
  `testItem` int(11) NOT NULL COMMENT '测试项目',
  `testResult` tinyint(4) NOT NULL COMMENT '测试结果',
  `img` varchar(255) NOT NULL COMMENT '测试结果图',
  PRIMARY KEY (`id`)
) ENGINE=InnoDB  DEFAULT CHARSET=utf8 COMMENT='测试项目结果' AUTO_INCREMENT=143 ;

--
-- 转存表中的数据 `testitemresult`
--

INSERT INTO `testitemresult` (`id`, `productTestInfo`, `testItem`, `testResult`, `img`) VALUES
(1, 1, 3, 1, '2013_07_14\\20130714200623_gary01\\回波损耗1-img.png'),
(2, 1, 5, 1, '2013_07_14\\20130714200623_gary01\\时域阻抗-img.png'),
(3, 1, 6, 1, '2013_07_14\\20130714200623_gary01\\衰减-img.png'),
(4, 1, 1, 1, '2013_07_14\\20130714200623_gary01\\驻波1-img.png'),
(5, 1, 2, 1, '2013_07_14\\20130714200623_gary01\\驻波2-img.png'),
(6, 2, 3, 1, '2013_07_14\\20130714201250_gary02\\回波损耗1-img.png'),
(7, 2, 5, 1, '2013_07_14\\20130714201250_gary02\\时域阻抗-img.png'),
(8, 2, 6, 1, '2013_07_14\\20130714201250_gary02\\衰减-img.png'),
(9, 2, 1, 1, '2013_07_14\\20130714201250_gary02\\驻波1-img.png'),
(10, 2, 2, 1, '2013_07_14\\20130714201250_gary02\\驻波2-img.png'),
(11, 3, 3, 0, '2013_07_14\\20130714201515_gary03\\回波损耗1-img.png'),
(12, 3, 5, 0, '2013_07_14\\20130714201515_gary03\\时域阻抗-img.png'),
(13, 3, 6, 1, '2013_07_14\\20130714201515_gary03\\衰减-img.png'),
(14, 3, 1, 1, '2013_07_14\\20130714201515_gary03\\驻波1-img.png'),
(15, 3, 2, 1, '2013_07_14\\20130714201515_gary03\\驻波2-img.png'),
(16, 4, 3, 0, '2013_07_14\\20130714202121_gary04\\回波损耗1-img.png'),
(17, 4, 5, 0, '2013_07_14\\20130714202121_gary04\\时域阻抗-img.png'),
(18, 4, 6, 1, '2013_07_14\\20130714202121_gary04\\衰减-img.png'),
(19, 4, 1, 1, '2013_07_14\\20130714202121_gary04\\驻波1-img.png'),
(20, 4, 2, 0, '2013_07_14\\20130714202121_gary04\\驻波2-img.png'),
(21, 5, 3, 0, '2013_07_14\\20130714202240_gary05\\回波损耗1-img.png'),
(22, 5, 5, 0, '2013_07_14\\20130714202240_gary05\\时域阻抗-img.png'),
(23, 5, 6, 1, '2013_07_14\\20130714202240_gary05\\衰减-img.png'),
(24, 5, 1, 1, '2013_07_14\\20130714202240_gary05\\驻波1-img.png'),
(25, 5, 2, 0, '2013_07_14\\20130714202240_gary05\\驻波2-img.png'),
(26, 6, 3, 1, '2013_07_14\\20130714202523_gary06\\回波损耗1-img.png'),
(27, 6, 5, 1, '2013_07_14\\20130714202523_gary06\\时域阻抗-img.png'),
(28, 6, 6, 1, '2013_07_14\\20130714202523_gary06\\衰减-img.png'),
(29, 6, 1, 1, '2013_07_14\\20130714202523_gary06\\驻波1-img.png'),
(30, 6, 2, 1, '2013_07_14\\20130714202523_gary06\\驻波2-img.png'),
(31, 7, 8, 0, '2013_07_16\\20130716110523_gary07\\TDR电长度-img.png'),
(32, 7, 3, 1, '2013_07_16\\20130716110523_gary07\\回波损耗1-img.png'),
(33, 7, 5, 1, '2013_07_16\\20130716110523_gary07\\时域阻抗-img.png'),
(34, 7, 6, 0, '2013_07_16\\20130716110523_gary07\\衰减-img.png'),
(35, 7, 1, 1, '2013_07_16\\20130716110523_gary07\\驻波1-img.png'),
(36, 7, 2, 1, '2013_07_16\\20130716110523_gary07\\驻波2-img.png'),
(37, 8, 8, 1, '2013_07_16\\20130716144510_gary08\\TDR电长度-img.png'),
(38, 8, 3, 1, '2013_07_16\\20130716144510_gary08\\回波损耗1-img.png'),
(39, 8, 5, 0, '2013_07_16\\20130716144510_gary08\\时域阻抗-img.png'),
(40, 8, 6, 1, '2013_07_16\\20130716144510_gary08\\衰减-img.png'),
(41, 8, 7, 0, '2013_07_16\\20130716144510_gary08\\跳线测试-img.png'),
(42, 8, 1, 1, '2013_07_16\\20130716144510_gary08\\驻波1-img.png'),
(43, 8, 2, 1, '2013_07_16\\20130716144510_gary08\\驻波2-img.png'),
(44, 9, 8, 1, '2013_07_16\\20130716144949_gary09\\TDR电长度-img.png'),
(45, 9, 3, 1, '2013_07_16\\20130716144949_gary09\\回波损耗1-img.png'),
(46, 9, 5, 0, '2013_07_16\\20130716144949_gary09\\时域阻抗-img.png'),
(47, 9, 6, 1, '2013_07_16\\20130716144949_gary09\\衰减-img.png'),
(48, 9, 7, 0, '2013_07_16\\20130716144949_gary09\\跳线测试-img.png'),
(49, 9, 1, 1, '2013_07_16\\20130716144949_gary09\\驻波1-img.png'),
(50, 9, 2, 1, '2013_07_16\\20130716144949_gary09\\驻波2-img.png'),
(51, 10, 8, 1, '2013_07_16\\20130716145120_gary010\\TDR电长度-img.png'),
(52, 10, 3, 1, '2013_07_16\\20130716145120_gary010\\回波损耗1-img.png'),
(53, 10, 5, 0, '2013_07_16\\20130716145120_gary010\\时域阻抗-img.png'),
(54, 10, 6, 1, '2013_07_16\\20130716145120_gary010\\衰减-img.png'),
(55, 10, 7, 0, '2013_07_16\\20130716145120_gary010\\跳线测试-img.png'),
(56, 10, 1, 1, '2013_07_16\\20130716145120_gary010\\驻波1-img.png'),
(57, 10, 2, 1, '2013_07_16\\20130716145120_gary010\\驻波2-img.png'),
(58, 11, 8, 1, '2013_07_16\\20130716145508_gary012\\TDR电长度-img.png'),
(59, 11, 3, 0, '2013_07_16\\20130716145508_gary012\\回波损耗1-img.png'),
(60, 11, 5, 0, '2013_07_16\\20130716145508_gary012\\时域阻抗-img.png'),
(61, 11, 6, 1, '2013_07_16\\20130716145508_gary012\\衰减-img.png'),
(62, 11, 7, 0, '2013_07_16\\20130716145508_gary012\\跳线测试-img.png'),
(63, 11, 1, 0, '2013_07_16\\20130716145508_gary012\\驻波1-img.png'),
(64, 11, 2, 1, '2013_07_16\\20130716145508_gary012\\驻波2-img.png'),
(65, 12, 8, 0, '2013_07_17\\20130717012813_garytest012\\TDR电长度-img.png'),
(66, 12, 3, 1, '2013_07_17\\20130717012813_garytest012\\回波损耗1-img.png'),
(67, 12, 5, 0, '2013_07_17\\20130717012813_garytest012\\时域阻抗-img.png'),
(68, 12, 6, 1, '2013_07_17\\20130717012813_garytest012\\衰减-img.png'),
(69, 12, 7, 1, '2013_07_17\\20130717012813_garytest012\\跳线测试-img.png'),
(70, 12, 1, 0, '2013_07_17\\20130717012813_garytest012\\驻波1-img.png'),
(71, 12, 2, 1, '2013_07_17\\20130717012813_garytest012\\驻波2-img.png'),
(72, 13, 8, 1, '2013_07_17\\20130717013326_garytest013\\TDR电长度-img.png'),
(73, 13, 3, 1, '2013_07_17\\20130717013326_garytest013\\回波损耗1-img.png'),
(74, 13, 5, 1, '2013_07_17\\20130717013326_garytest013\\时域阻抗-img.png'),
(75, 13, 6, 1, '2013_07_17\\20130717013326_garytest013\\衰减-img.png'),
(76, 13, 7, 1, '2013_07_17\\20130717013326_garytest013\\跳线测试-img.png'),
(77, 13, 1, 0, '2013_07_17\\20130717013326_garytest013\\驻波1-img.png'),
(78, 13, 2, 1, '2013_07_17\\20130717013326_garytest013\\驻波2-img.png'),
(79, 14, 8, 1, '2013_07_17\\20130717013730_garytest014\\TDR电长度-img.png'),
(80, 14, 3, 1, '2013_07_17\\20130717013730_garytest014\\回波损耗1-img.png'),
(81, 14, 5, 1, '2013_07_17\\20130717013730_garytest014\\时域阻抗-img.png'),
(82, 14, 6, 1, '2013_07_17\\20130717013730_garytest014\\衰减-img.png'),
(83, 14, 7, 1, '2013_07_17\\20130717013730_garytest014\\跳线测试-img.png'),
(84, 14, 1, 0, '2013_07_17\\20130717013730_garytest014\\驻波1-img.png'),
(85, 14, 2, 0, '2013_07_17\\20130717013730_garytest014\\驻波2-img.png'),
(86, 15, 8, 1, '2013_07_17\\20130717014525_garytest015\\TDR电长度-img.png'),
(87, 15, 3, 0, '2013_07_17\\20130717014525_garytest015\\回波损耗1-img.png'),
(88, 15, 5, 1, '2013_07_17\\20130717014525_garytest015\\时域阻抗-img.png'),
(89, 15, 6, 1, '2013_07_17\\20130717014525_garytest015\\衰减-img.png'),
(90, 15, 7, 1, '2013_07_17\\20130717014525_garytest015\\跳线测试-img.png'),
(91, 15, 1, 1, '2013_07_17\\20130717014525_garytest015\\驻波1-img.png'),
(92, 15, 2, 1, '2013_07_17\\20130717014525_garytest015\\驻波2-img.png'),
(93, 16, 8, 1, '2013_07_18\\20130718044525_garytest016\\TDR电长度-img.png'),
(94, 16, 3, 0, '2013_07_18\\20130718044525_garytest016\\回波损耗1-img.png'),
(95, 16, 5, 1, '2013_07_18\\20130718044525_garytest016\\时域阻抗-img.png'),
(96, 16, 6, 1, '2013_07_18\\20130718044525_garytest016\\衰减-img.png'),
(97, 16, 7, 1, '2013_07_18\\20130718044525_garytest016\\跳线测试-img.png'),
(98, 16, 1, 1, '2013_07_18\\20130718044525_garytest016\\驻波1-img.png'),
(99, 16, 2, 1, '2013_07_18\\20130718044525_garytest016\\驻波2-img.png'),
(100, 17, 8, 1, '2013_07_18\\20130718051621_garytest017\\TDR电长度-img.png'),
(101, 17, 3, 1, '2013_07_18\\20130718051621_garytest017\\回波损耗1-img.png'),
(102, 17, 5, 1, '2013_07_18\\20130718051621_garytest017\\时域阻抗-img.png'),
(103, 17, 6, 1, '2013_07_18\\20130718051621_garytest017\\衰减-img.png'),
(104, 17, 7, 1, '2013_07_18\\20130718051621_garytest017\\跳线测试-img.png'),
(105, 17, 1, 1, '2013_07_18\\20130718051621_garytest017\\驻波1-img.png'),
(106, 17, 2, 0, '2013_07_18\\20130718051621_garytest017\\驻波2-img.png'),
(107, 18, 10, 1, '2013_07_18\\20130718135734_garytest018\\garytestitem01-img.png'),
(108, 18, 8, 1, '2013_07_18\\20130718135734_garytest018\\TDR电长度-img.png'),
(109, 18, 3, 1, '2013_07_18\\20130718135734_garytest018\\回波损耗1-img.png'),
(110, 18, 5, 1, '2013_07_18\\20130718135734_garytest018\\时域阻抗-img.png'),
(111, 18, 6, 1, '2013_07_18\\20130718135734_garytest018\\衰减-img.png'),
(112, 18, 7, 1, '2013_07_18\\20130718135734_garytest018\\跳线测试-img.png'),
(113, 18, 1, 0, '2013_07_18\\20130718135734_garytest018\\驻波1-img.png'),
(114, 18, 2, 0, '2013_07_18\\20130718135734_garytest018\\驻波2-img.png'),
(115, 19, 8, 1, '2013_07_29\\20130729150008_garytest019\\TDR电长度-img.png'),
(116, 19, 5, 1, '2013_07_29\\20130729150008_garytest019\\时域阻抗-img.png'),
(117, 19, 6, 1, '2013_07_29\\20130729150008_garytest019\\衰减-img.png'),
(118, 19, 1, 1, '2013_07_29\\20130729150008_garytest019\\驻波1-img.png'),
(119, 19, 2, 1, '2013_07_29\\20130729150008_garytest019\\驻波2-img.png'),
(120, 20, 8, 1, '2013_07_29\\20130729151049_garytest020\\TDR电长度-img.png'),
(121, 20, 5, 1, '2013_07_29\\20130729151049_garytest020\\时域阻抗-img.png'),
(122, 20, 6, 1, '2013_07_29\\20130729151049_garytest020\\衰减-img.png'),
(123, 20, 1, 1, '2013_07_29\\20130729151049_garytest020\\驻波1-img.png'),
(124, 20, 2, 1, '2013_07_29\\20130729151049_garytest020\\驻波2-img.png'),
(125, 21, 8, 1, '2013_07_29\\20130729141849_garytest021\\TDR电长度-img.png'),
(126, 21, 5, 1, '2013_07_29\\20130729141849_garytest021\\时域阻抗-img.png'),
(127, 21, 6, 1, '2013_07_29\\20130729141849_garytest021\\衰减-img.png'),
(128, 21, 1, 1, '2013_07_29\\20130729141849_garytest021\\驻波1-img.png'),
(129, 21, 2, 1, '2013_07_29\\20130729141849_garytest021\\驻波2-img.png'),
(130, 22, 3, 1, '2013_07_29\\20130729190023_gary022\\回波损耗1-img.png'),
(131, 22, 5, 1, '2013_07_29\\20130729190023_gary022\\时域阻抗-img.png'),
(132, 22, 6, 1, '2013_07_29\\20130729190023_gary022\\衰减-img.png'),
(133, 22, 1, 1, '2013_07_29\\20130729190023_gary022\\驻波1-img.png'),
(134, 22, 2, 1, '2013_07_29\\20130729190023_gary022\\驻波2-img.png'),
(135, 23, 3, 1, '2013_07_30\\20130730000037_garytest023\\回波损耗1-img.png'),
(136, 23, 5, 1, '2013_07_30\\20130730000037_garytest023\\时域阻抗-img.png'),
(137, 23, 6, 1, '2013_07_30\\20130730000037_garytest023\\衰减-img.png'),
(138, 23, 1, 1, '2013_07_30\\20130730000037_garytest023\\驻波1-img.png'),
(139, 24, 3, 1, '2013_07_30\\20130709143237_werfaqe3r\\回波损耗1-img.png'),
(140, 24, 5, 1, '2013_07_30\\20130709143237_werfaqe3r\\时域阻抗-img.png'),
(141, 24, 6, 1, '2013_07_30\\20130709143237_werfaqe3r\\衰减-img.png'),
(142, 24, 1, 1, '2013_07_30\\20130709143237_werfaqe3r\\驻波1-img.png');

-- --------------------------------------------------------

--
-- 表的结构 `testitemsection`
--

CREATE TABLE IF NOT EXISTS `testitemsection` (
  `id` int(11) NOT NULL AUTO_INCREMENT,
  `sectionname` varchar(20) DEFAULT NULL,
  PRIMARY KEY (`id`)
) ENGINE=InnoDB  DEFAULT CHARSET=utf8 AUTO_INCREMENT=3 ;

--
-- 转存表中的数据 `testitemsection`
--

INSERT INTO `testitemsection` (`id`, `sectionname`) VALUES
(1, '同轴'),
(2, '跳线');

-- --------------------------------------------------------

--
-- 表的结构 `teststation`
--

CREATE TABLE IF NOT EXISTS `teststation` (
  `id` int(11) NOT NULL AUTO_INCREMENT,
  `name` varchar(255) NOT NULL COMMENT '名称',
  `department` int(11) DEFAULT NULL COMMENT '所属车间',
  `process` int(11) NOT NULL COMMENT '工序',
  `status` int(11) NOT NULL COMMENT '状态',
  PRIMARY KEY (`id`)
) ENGINE=InnoDB  DEFAULT CHARSET=utf8 COMMENT='测试站' AUTO_INCREMENT=4 ;

--
-- 转存表中的数据 `teststation`
--

INSERT INTO `teststation` (`id`, `name`, `department`, `process`, `status`) VALUES
(1, 'teststation1', 4, 2, 1),
(2, 'teststation2', 4, 1, 1),
(3, 'teststation3', 4, 3, 1);

-- --------------------------------------------------------

--
-- 表的结构 `test_configuration`
--

CREATE TABLE IF NOT EXISTS `test_configuration` (
  `id` int(11) NOT NULL AUTO_INCREMENT,
  `producttype` int(11) NOT NULL COMMENT '产品类型',
  `testitem` int(11) NOT NULL COMMENT '测试项',
  `statefile` varchar(255) NOT NULL COMMENT '状态文件',
  `ports` int(11) NOT NULL COMMENT '端口数',
  `channel` varchar(11) DEFAULT NULL COMMENT 'channel',
  `trace` varchar(11) NOT NULL COMMENT 'trace',
  `type` varchar(11) DEFAULT NULL COMMENT 'type',
  `beginstim` varchar(255) DEFAULT NULL COMMENT 'beginstim',
  `endstim` varchar(255) DEFAULT NULL COMMENT 'endstim',
  `beginresp` varchar(255) DEFAULT NULL COMMENT 'beginresp',
  `endresp` varchar(255) DEFAULT NULL COMMENT 'endresp',
  PRIMARY KEY (`id`)
) ENGINE=InnoDB  DEFAULT CHARSET=utf8 COMMENT='产品测试方案' AUTO_INCREMENT=1570 ;

--
-- 转存表中的数据 `test_configuration`
--

INSERT INTO `test_configuration` (`id`, `producttype`, `testitem`, `statefile`, `ports`, `channel`, `trace`, `type`, `beginstim`, `endstim`, `beginresp`, `endresp`) VALUES
(1562, 9, 1, 'state01', 1, '', '1', 'MAX', '', '', '', ''),
(1563, 9, 2, 'state03', 2, '', '1', 'MAX', '', '', '', ''),
(1564, 9, 3, 'state02', 1, '', '1', 'MAX', '', '', '', ''),
(1565, 9, 4, 'state04', 2, '', '1', 'MAX', '', '', '', ''),
(1566, 9, 4, 'state04', 1, '', '1', 'MAX', '', '', '', ''),
(1569, 1, 3, 'state01', 1, '1', '1', 'MAX', '12#M', '13#M', '1', '1');

-- --------------------------------------------------------

--
-- 表的结构 `user`
--

CREATE TABLE IF NOT EXISTS `user` (
  `id` int(11) NOT NULL AUTO_INCREMENT,
  `fullname` varchar(255) NOT NULL COMMENT '全名',
  `username` varchar(255) NOT NULL COMMENT '用户名',
  `password` varchar(255) NOT NULL COMMENT '密码',
  `confirmpassword` varchar(255) DEFAULT NULL COMMENT '确认密码',
  `status` int(11) NOT NULL COMMENT '状态',
  `team` int(11) NOT NULL COMMENT '所属组',
  PRIMARY KEY (`id`),
  UNIQUE KEY `username` (`username`)
) ENGINE=InnoDB  DEFAULT CHARSET=utf8 COMMENT='系统用户' AUTO_INCREMENT=5 ;

--
-- 转存表中的数据 `user`
--

INSERT INTO `user` (`id`, `fullname`, `username`, `password`, `confirmpassword`, `status`, `team`) VALUES
(1, '张三', 'user01', '123456', '123456', 1, 1),
(2, '李四', 'user02', '123456', '123456', 1, 2),
(3, '赵云', 'user03', '123456', '123456', 1, 3),
(4, '刘备', 'user04', '123456', '123456', 1, 4);

/*!40101 SET CHARACTER_SET_CLIENT=@OLD_CHARACTER_SET_CLIENT */;
/*!40101 SET CHARACTER_SET_RESULTS=@OLD_CHARACTER_SET_RESULTS */;
/*!40101 SET COLLATION_CONNECTION=@OLD_COLLATION_CONNECTION */;
